<?xml version="1.0" encoding="utf-8" ?>

<Defs>

  <ThingDef ParentName="RoughPlantBase">
    <defName>ImprovedHay</defName>
    <label>improved Hay</label>
    <description>Nutrient-rich grasses and shoots, harvested and compacted for storage. Improved hay is very good animal feed with 10x more nutrition compared to regular hay, but inedible for humans.</description>
    <stackLimit>200</stackLimit>
    <graphicData>
      <texPath>ImprovedHay</texPath>
      <graphicClass>Graphic_StackCount</graphicClass>
    </graphicData>
    <statBases>
      <MarketValue>0.4</MarketValue>
      <Mass>0.028</Mass>
      <Flammability>3.0</Flammability>
      <Nutrition>0.5</Nutrition>
	  <WorkToMake>200</WorkToMake>
    </statBases>
    <comps>
      <li Class="CompProperties_Rottable">
        <daysToRotStart>60</daysToRotStart>
		<rotDestroys>true</rotDestroys>
	  </li>
    </comps>
    <thingCategories>
      <li>Foods</li>
    </thingCategories>
    <ingestible>
      <optimalityOffsetFeedingAnimals>28</optimalityOffsetFeedingAnimals>
    </ingestible>
  </ThingDef>
  
</Defs>