<?xml version="1.0" encoding="utf-8" ?>
<Defs>

	<!-- ================================ Bases and such ================================ -->
	
	<DesignatorDropdownGroupDef>
		<defName>EB_DDG_Edu_PC</defName>
	</DesignatorDropdownGroupDef>
	
	<ThingDef Abstract="True" Name="EB_Edu_PC_Base" ParentName="BuildingBase">
		<canOverlapZones>false</canOverlapZones>
		<description>Teaches colonists various skills by showing them non-erotic instructional videos and interactive games like RimWorld, Killing Floor and StarWars. Is 30% more effective compared to real work. Does however not teach how to be good at melee or ranged combat which should be practiced on living beings.</description>
		<thingClass>Building_WorkTable</thingClass>
		<designationCategory>Misc</designationCategory>
		<designatorDropdown>EB_DDG_Edu_PC</designatorDropdown>
		<size>(3,1)</size>
		<rotatable>true</rotatable>
		<fillPercent>0.5</fillPercent>
		<passability>Impassable</passability>
		<blockWind>false</blockWind>
		<statBases>
			<MaxHitPoints>150</MaxHitPoints>
			<WorkToBuild>2500</WorkToBuild>
			<Flammability>0.7</Flammability>
			<Beauty>0</Beauty>
			<Mass>10</Mass>
		</statBases>
		<comps>
			<li Class="CompProperties_Forbiddable"/>
			<li Class="CompProperties_Flickable"/>
			<li Class="CompProperties_Power">
				<compClass>CompPowerTrader</compClass>
				<basePowerConsumption>300</basePowerConsumption>
			</li>
		</comps>
		<hasInteractionCell>true</hasInteractionCell>
		<interactionCellOffset>(0,0,-1)</interactionCellOffset>
		<interactionCellIcon>DiningChair</interactionCellIcon>
		<inspectorTabs>
			<li>ITab_Bills</li>
		</inspectorTabs>
		<costList>
			<Steel>180</Steel>
			<Plasteel>50</Plasteel>
			<Silver>120</Silver>
			<WoodLog>40</WoodLog>
		</costList>
		<minifiedDef>MinifiedThing</minifiedDef>
		<building>
			<uninstallWork>75</uninstallWork>
		</building>
		<thingCategories>
			<li>BuildingsMisc</li>
		</thingCategories>
		<drawerType>MapMeshAndRealTime</drawerType>
		<terrainAffordanceNeeded>Medium</terrainAffordanceNeeded>
		<altitudeLayer>Building</altitudeLayer>
		<drawPlaceWorkersWhileSelected>true</drawPlaceWorkersWhileSelected>
		<graphicData>
			<texPath>Learning/LearnSocial</texPath>
			<graphicClass>Graphic_Multi</graphicClass>
			<shaderType>CutoutComplex</shaderType>
			<drawSize>(3.5,1.5)</drawSize>
			<damageData>
				<cornerTL>Damage/Corner</cornerTL>
				<cornerTR>Damage/Corner</cornerTR>
				<cornerBL>Damage/Corner</cornerBL>
				<cornerBR>Damage/Corner</cornerBR>
			</damageData>
		</graphicData>
		<researchPrerequisites>
			<li>ComputerizedEducation</li>
		</researchPrerequisites>
		<tradeability>None</tradeability>
	</ThingDef>
	
	<!-- ================================ Study Desks ================================ -->
	
	<ThingDef ParentName="EB_Edu_PC_Base">
		<defName>SE_Edu_PC_Animals</defName>
		<label>Study: The Wildlife Biologist (Animals)</label>
		<recipes>
			<li>SE_Edu_Animals</li>
		</recipes>
		<graphicData>
			<texPath>Learning/LearnAnimals</texPath>
		</graphicData>
	</ThingDef>
	
	<ThingDef ParentName="EB_Edu_PC_Base">
		<defName>SE_Edu_PC_Artistic</defName>
		<label>Study: Creative Arts (Art)</label>
		<recipes>
			<li>SE_Edu_Artistic</li>
		</recipes>
		<graphicData>
			<texPath>Learning/LearnArtistic</texPath>
		</graphicData>
	</ThingDef>
	
	<ThingDef ParentName="EB_Edu_PC_Base">
		<defName>SE_Edu_PC_Construction</defName>
		<label>Study: Construction</label>
		<recipes>
			<li>SE_Edu_Construction</li>
		</recipes>
		<graphicData>
			<texPath>Learning/LearnConstruction</texPath>
		</graphicData>
	</ThingDef>
	
	<ThingDef ParentName="EB_Edu_PC_Base">
		<defName>SE_Edu_PC_Cooking</defName>
		<label>Study: Master Chef (Cooking)</label>
		<recipes>
			<li>SE_Edu_Cooking</li>
		</recipes>
		<graphicData>
			<texPath>Learning/LearnCooking</texPath>
		</graphicData>
	</ThingDef>
	
	<ThingDef ParentName="EB_Edu_PC_Base">
		<defName>SE_Edu_PC_Crafting</defName>
		<label>Study: Crafting</label>
		<recipes>
			<li>SE_Edu_Crafting</li>
		</recipes>
		<graphicData>
			<texPath>Learning/LearnCrafting</texPath>
		</graphicData>
	</ThingDef>
	
	<ThingDef ParentName="EB_Edu_PC_Base">
		<defName>SE_Edu_PC_Growing</defName>
		<label>Study: Botany</label>
		<recipes>
			<li>SE_Edu_Growing</li>
		</recipes>
		<graphicData>
			<texPath>Learning/LearnGrowing</texPath>
		</graphicData>
	</ThingDef>
	
	<ThingDef ParentName="EB_Edu_PC_Base">
		<defName>SE_Edu_PC_Medicine</defName>
		<label>Study: Modern Medicine</label>
		<recipes>
			<li>SE_Edu_Medicine</li>
		</recipes>
		<graphicData>
			<texPath>Learning/LearnMedicine</texPath>
		</graphicData>
	</ThingDef>
	
	<ThingDef ParentName="EB_Edu_PC_Base">
		<defName>SE_Edu_PC_Mining</defName>
		<label>Study: Mining &amp; Dwarves</label>
		<recipes>
			<li>SE_Edu_Mining</li>
		</recipes>
		<graphicData>
			<texPath>Learning/LearnMining</texPath>
		</graphicData>
	</ThingDef>
	
	<ThingDef ParentName="EB_Edu_PC_Base">
		<description>Teaches colonists various skills by showing them non-erotic instructional videos and interactive games like RimWorld, Killing Floor and StarWars. Is 80% more effective compared to real work. Does however not teach how to be good at melee or ranged combat which should be practiced on living beings.</description>
		<defName>SE_Edu_PC_Intellectual</defName>
		<label>Study: Science</label>
		<recipes>
			<li>SE_Edu_Intellectual</li>
		</recipes>
		<graphicData>
			<texPath>Learning/LearnIntellectual</texPath>
		</graphicData>
	</ThingDef>
	
	<ThingDef ParentName="EB_Edu_PC_Base">
		<description>Teaches colonists various skills by showing them non-erotic instructional videos and interactive games like RimWorld, Killing Floor and StarWars. Is equally as effective as compared to real work. Does however not teach how to be good at melee or ranged combat which should be practiced on living beings.</description>
		<defName>SE_Edu_PC_Social</defName>
		<label>Study: Social &amp; Marketing</label>
		<recipes>
			<li>SE_Edu_Social</li>
		</recipes>
		<graphicData>
			<texPath>Learning/LearnSocial</texPath>
		</graphicData>
	</ThingDef>
	
	<!-- ================================ End ================================ -->
	
</Defs>