<?xml version="1.0" encoding="utf-8" ?>
<Defs>

  <ThingDef ParentName="BuildingBase">
    <defName>SE_FusionReactor</defName>
    <label>fusion Reactor</label>
    <description>Produces lots of power. Beware of it's massive explosion radius if its hitpoints get low. Does not emit heat.</description>
    <thingClass>Building</thingClass>
	<category>Building</category>
	<minifiedDef>MinifiedThing</minifiedDef>
	<designationCategory>Power</designationCategory>
	<building>
		<uninstallWork>20000</uninstallWork>
	</building>
    <thingCategories>
      <li>BuildingsPower</li>
    </thingCategories>
    <graphicData>
      <texPath>FusionReactor/FusionReactor</texPath>
      <graphicClass>Graphic_Multi</graphicClass>
      <drawSize>(10,10)</drawSize>
      <shadowData>
        <volume>(1.93,1,1.69)</volume>
        <offset>(-0.03,0,-0.1)</offset>
      </shadowData>
    </graphicData>
    <altitudeLayer>Building</altitudeLayer>
    <passability>Impassable</passability>
    <pathCost>150</pathCost>
    <blockWind>true</blockWind>
    <fillPercent>1.0</fillPercent>
    <rotatable>true</rotatable>
    <statBases>
      <MaxHitPoints>800</MaxHitPoints>
      <WorkToBuild>60000</WorkToBuild>
      <Flammability>0</Flammability>
      <Beauty>-250</Beauty>
	  <Mass>400</Mass>
    </statBases>
    <tickerType>Normal</tickerType>
    <canOverlapZones>false</canOverlapZones>
    <size>(8,8)</size>
    <costList>
      <Steel>2750</Steel>
      <ComponentIndustrial>15</ComponentIndustrial>
	  <ComponentSpacer>4</ComponentSpacer>
	  <Plasteel>180</Plasteel>
	  <Gold>75</Gold>
    </costList>
    <comps>
      <li Class="CompProperties_Power">
        <compClass>CompPowerPlant</compClass>
        <basePowerConsumption>-25000</basePowerConsumption>
        <transmitsPower>true</transmitsPower>
      </li>
      <li Class="CompProperties_Glower">
        <glowRadius>7</glowRadius>
        <glowColor>(102, 255, 255)</glowColor>
      </li>
      <li Class="CompProperties_Explosive">
        <explosiveRadius>18</explosiveRadius>
        <explosiveExpandPerFuel>10</explosiveExpandPerFuel>
        <explosiveDamageType>BombFusion</explosiveDamageType>
        <destroyThingOnExplosionSize>1</destroyThingOnExplosionSize>
	  </li>
    </comps>
    <terrainAffordanceNeeded>Heavy</terrainAffordanceNeeded>
    <constructEffect>ConstructMetal</constructEffect>
    <researchPrerequisites>
      <li>FusionReactor</li>
    </researchPrerequisites>
    <constructionSkillPrerequisite>12</constructionSkillPrerequisite>
	<uiIconPath>FusionReactor/FusionReactor_MenuIcon</uiIconPath>
    <uiIconScale>0.85</uiIconScale>
	<tradeability>None</tradeability>
  </ThingDef>
  
</Defs>