<?xml version="1.0" encoding="utf-8"?>
<Defs>

	<!--===================================================================== Hi-Tech Kitchen =====================================================================-->

	<ThingDef ParentName="BenchBase">
		<defName>HiTechKitchen</defName>
		<label>hi-tech Kitchen</label>
		<description>A hi-tech kitchen that creates lavish meals from regular ingredients. Consumes a high amount of ingredients in order to extract the best parts. Can also create improved hay.</description>
		<thingClass>Building_WorkTable_HeatPush</thingClass>
		<graphicData>
			<texPath>HiTechKitchen/HiTechKitchen</texPath>
			<graphicClass>Graphic_Multi</graphicClass>
			<drawSize>(3.5,1.5)</drawSize>
			<damageData>
				<cornerTL>Damage/Corner</cornerTL>
				<cornerTR>Damage/Corner</cornerTR>
				<cornerBL>Damage/Corner</cornerBL>
				<cornerBR>Damage/Corner</cornerBR>
			</damageData>
		</graphicData>
		<castEdgeShadows>true</castEdgeShadows>
		<staticSunShadowHeight>0.20</staticSunShadowHeight>
		<constructEffect>ConstructMetal</constructEffect>
		<costList>
			<Steel>480</Steel>
			<ComponentIndustrial>20</ComponentIndustrial>
		</costList>
		<altitudeLayer>Building</altitudeLayer>
		<fillPercent>0.5</fillPercent>
		<useHitPoints>True</useHitPoints>
		<statBases>
			<WorkToBuild>4000</WorkToBuild>
			<MaxHitPoints>360</MaxHitPoints>
			<Flammability>1.0</Flammability>
		</statBases>
		<size>(3,1)</size>
		<designationCategory>Production</designationCategory>
		<passability>PassThroughOnly</passability>
		<pathCost>70</pathCost>
		<hasInteractionCell>True</hasInteractionCell>
		<interactionCellOffset>(0,0,-1)</interactionCellOffset>
		<surfaceType>Item</surfaceType>
		<constructionSkillPrerequisite>5</constructionSkillPrerequisite>
		<recipes>
			<li>CookMealLavishExt</li>
			<li>CookMealLavishExt20</li>
			<li>CookMealLavishExt50</li>
			<li>CookMealLavishLunchbox</li>
			<li>CreateImproveHay</li>
			<li>CookMealSimple</li>
			<li>CookMealFine</li>
			<li>CookMealLavish</li>
			<li>CookMealSurvival</li>
			<li>Make_Pemmican</li>
		</recipes>
		<inspectorTabs>
			<li>ITab_Bills</li>
		</inspectorTabs>
		<comps>
			<li Class="CompProperties_Power">
				<compClass>CompPowerTrader</compClass>
				<shortCircuitInRain>true</shortCircuitInRain>
				<basePowerConsumption>400</basePowerConsumption>
			</li>
			<li Class="CompProperties_Flickable"/>
			<li Class="CompProperties_HeatPusher">
				<compClass>CompHeatPusherPowered</compClass>
				<heatPerSecond>3</heatPerSecond>
			</li>
			<li Class="CompProperties_AffectedByFacilities">
				<linkableFacilities>
					<li>ToolCabinet</li>
				</linkableFacilities>
			</li>
		</comps>
		<building>
			<isMealSource>true</isMealSource>
			<spawnedConceptLearnOpportunity>BillsTab</spawnedConceptLearnOpportunity>
			<heatPerTickWhileWorking>0.15</heatPerTickWhileWorking>
		</building>
		<designationHotKey>Misc8</designationHotKey>
		<researchPrerequisites>
			<li>hitech_kitchen_research</li>
		</researchPrerequisites>
		<uiIconPath>HiTechKitchen/HiTechKitchen_MenuIcon</uiIconPath>
		<uiIconScale>0.85</uiIconScale>
	</ThingDef>
	
	<!--===================================================================== End =====================================================================-->
	
</Defs>

