<?xml version="1.0" encoding="utf-8" ?>
<Patch>
    <!-- https://rimworldwiki.com/wiki/Modding_Tutorials/PatchOperations#PatchOperationFindMod -->
    <Operation Class="PatchOperationFindMod">
        <mods>
            <li>VGP Vegetable Garden</li>
        </mods>
        <match Class="PatchOperationAdd">
            <xpath>Defs/ThingDef[defName="HiTechKitchen"]/recipes</xpath>
            <value>
				<li>Fruitdrink</li>
				<li>BrewCoffee</li>
				<li>BulkBrewCoffee</li>
				<li>BrewTea</li>
				<li>BulkBrewTea</li>
				<li>Stirfrymeal</li>
                <li>Cookstewpot</li>
				<li>Make_Hardtack</li>
				<li>Make_HardtackBulk</li>
            </value>
        </match>
    </Operation>
</Patch>