<?xml version="1.0" encoding="utf-8" ?>
<Defs>

	<RecipeDef ParentName="CookMealBase">
		<defName>CookMealLavishExt</defName>
		<label>cook 2 lavish meals ext.</label>
		<workAmount>200</workAmount>
		<description>Cook a very complex meal from simple ingredients. Uses 4x as many ingredients compared to a simple meal.</description>
		<jobString>Cooking 2 extended lavish meals.</jobString>
		<workSpeedStat>CookSpeed</workSpeedStat>
		<requiredGiverWorkType>Cooking</requiredGiverWorkType>
		<effectWorking>Cook</effectWorking>
		<soundWorking>Recipe_CookMeal</soundWorking>
		<allowMixingIngredients>true</allowMixingIngredients>
		<ingredientValueGetterClass>IngredientValueGetter_Nutrition</ingredientValueGetterClass>
		<ingredients>
			<li>
				<filter>
					<categories>
						<li>FoodRaw</li>
					</categories>
				</filter>
				<count>4.0</count>
			</li>
		</ingredients>
		<products>
			<MealLavish>2</MealLavish>
		</products>
		<workSkill>Cooking</workSkill>
		<skillRequirements>
			<Cooking>10</Cooking>
		</skillRequirements>
	</RecipeDef>
	
	<RecipeDef ParentName="CookMealBase">
		<defName>CookMealLavishExt20</defName>
		<label>cook 20 lavish meals ext.</label>
		<workAmount>2000</workAmount>
		<description>Cook a very complex meal from simple ingredients. Uses 4x (+ an additional 5%) as many ingredients compared to a simple meal.</description>
		<jobString>Cooking 20 extended lavish meals.</jobString>
		<workSpeedStat>CookSpeed</workSpeedStat>
		<requiredGiverWorkType>Cooking</requiredGiverWorkType>
		<effectWorking>Cook</effectWorking>
		<soundWorking>Recipe_CookMeal</soundWorking>
		<allowMixingIngredients>true</allowMixingIngredients>
		<ingredientValueGetterClass>IngredientValueGetter_Nutrition</ingredientValueGetterClass>
		<ingredients>
			<li>
				<filter>
					<categories>
						<li>FoodRaw</li>
					</categories>
				</filter>
				<count>42.5</count>
			</li>
		</ingredients>
		<products>
			<MealLavish>20</MealLavish>
		</products>
		<workSkill>Cooking</workSkill>
		<skillRequirements>
			<Cooking>10</Cooking>
		</skillRequirements>
	</RecipeDef>
	
	<RecipeDef ParentName="CookMealBase">
		<defName>CookMealLavishExt50</defName>
		<label>cook 50 lavish meals ext.</label>
		<workAmount>5000</workAmount>
		<description>Cook a very complex meal from simple ingredients. Uses 4x (+ an additional 10%) as many ingredients compared to a simple meal.</description>
		<jobString>Cooking 50 extended lavish meals.</jobString>
		<workSpeedStat>CookSpeed</workSpeedStat>
		<requiredGiverWorkType>Cooking</requiredGiverWorkType>
		<effectWorking>Cook</effectWorking>
		<soundWorking>Recipe_CookMeal</soundWorking>
		<allowMixingIngredients>true</allowMixingIngredients>
		<ingredientValueGetterClass>IngredientValueGetter_Nutrition</ingredientValueGetterClass>
		<ingredients>
			<li>
				<filter>
					<categories>
						<li>FoodRaw</li>
					</categories>
				</filter>
				<count>110.0</count>
			</li>
		</ingredients>
		<products>
			<MealLavish>50</MealLavish>
		</products>
		<workSkill>Cooking</workSkill>
		<skillRequirements>
			<Cooking>10</Cooking>
		</skillRequirements>
	</RecipeDef>
	
	<RecipeDef ParentName="CookMealBase">
		<defName>CookMealLavishLunchbox</defName>
		<label>cook 2 lavish lunchbox meals</label>
		<description>Cook a very complex lunchbox meal from simple ingredients. Uses 5x as many ingredients compared to a simple meal. This meal does not spoil or deteriorate.</description>
		<jobString>Cooking lavish lunchbox meal.</jobString>
		<workSpeedStat>CookSpeed</workSpeedStat>
		<requiredGiverWorkType>Cooking</requiredGiverWorkType>
		<effectWorking>Cook</effectWorking>
		<soundWorking>Recipe_CookMeal</soundWorking>
		<allowMixingIngredients>true</allowMixingIngredients>
		<ingredientValueGetterClass>IngredientValueGetter_Nutrition</ingredientValueGetterClass>
		<ingredients>
			<li>
				<filter>
					<categories>
						<li>FoodRaw</li>
					</categories>
				</filter>
				<count>5.0</count>
			</li>
			<li>
				<filter>
					<thingDefs>
						<li>LunchboxCasing</li>
					</thingDefs>
				</filter>
				<count>2</count>
			</li>
		</ingredients>
		<fixedIngredientFilter>
			<thingDefs>
				<li>LunchboxCasing</li>
			</thingDefs>
		</fixedIngredientFilter>
		<products>
			<LunchboxMeal>2</LunchboxMeal>
		</products>
		<workSkill>Cooking</workSkill>
		<skillRequirements>
			<Cooking>10</Cooking>
		</skillRequirements>
	</RecipeDef>
	
	<RecipeDef ParentName="CookMealBase">
		<defName>CreateImproveHay</defName>
		<label>create improved hay</label>
		<description>improve hay.</description>
		<jobString>Improving hay.</jobString>
		<workSpeedStat>CookSpeed</workSpeedStat>
		<requiredGiverWorkType>Cooking</requiredGiverWorkType>
		<effectWorking>Cook</effectWorking>
		<soundWorking>Recipe_CookMeal</soundWorking>
		<allowMixingIngredients>true</allowMixingIngredients>
		<ingredientValueGetterClass>IngredientValueGetter_Nutrition</ingredientValueGetterClass>
		<ingredients>
			<li>
				<filter>
					<thingDefs>
						<li>Hay</li>
					</thingDefs>
				</filter>
				<count>1</count>
			</li>
		</ingredients>
		<products>
			<ImprovedHay>25</ImprovedHay>
		</products>
		<workSkill>Cooking</workSkill>
		<skillRequirements>
			<Cooking>3</Cooking>
		</skillRequirements>
	</RecipeDef>
	
</Defs>